<!DOCTYPE hibernate-configuration PUBLIC
        "-//Hibernate/Hibernate Configuration DTD 3.0//EN"
        "http://www.hibernate.org/dtd/hibernate-configuration-3.0.dtd">
<hibernate-configuration>
    <session-factory>
        <!-- JDBC Database connection settings -->
        
        <property name="connection.driver_class">org.h2.Driver</property>
        <property name="connection.url"> jdbc:h2:tcp://localhost/~/hhh</property>
        <property name="connection.username">sa</property>
        <property name="connection.password">sa</property>
        <property name="connection.pool_size">15</property>
        <property name="show_sql">true</property>     
        <property name="dialect">org.hibernate.dialect.H2Dialect</property>
       
        <property name="hbm2ddl.auto">update</property>   
        <mapping class="model.User" />
        <mapping class="model.Product"/>
        <mapping class="model.Orders"/>
      
    </session-factory>
</hibernate-configuration>

